norm,name,alive_buildings_percent,resilience_normalized
SELF,selfish,47.608024691358025,0.48439865021983286
GEN,generous,59.336419753086425,0.5963760552313359
