norm,name,alive_fraction,critical_survival,annual_mean_served_fraction,annual_mean_critical_service,final_served_fraction,final_critical_service,mean_stress_memory,critical_stress_memory,max_stress_memory,annual_cooperation_attempts,annual_cooperation_successes,final_cooperation_attempts,final_cooperation_successes,mean_pool_count,mean_pool_members,converged,last_step
ALLC,generous,0.6890432098765432,0.6911764705882353,0.9936854707750521,0.9936795525729925,1.0,1.0,0.000751088703255596,0.0007123675800919342,0.0027078298295357766,105719,105719,51,51,41.083333333333336,1008.7916666666666,False,8760
SELF,selfish,0.6658950617283951,0.8161764705882353,0.9934539581888964,0.9949667374007376,1.0,1.0,0.0008051782355882934,0.0005661549540780502,0.0027306448181482223,65437,56265,21,21,16.964285714285715,420.2261904761905,False,8760
DISC,standing,0.6952160493827161,0.6911764705882353,0.9935311442139464,0.9935418493495882,1.0,1.0,0.0008029045551424261,0.0007672726664082845,0.0027078298295357766,127540,127540,59,59,46.56547619047619,1147.297619047619,False,8760
SJ,stern judging,0.6952160493827161,0.6911764705882353,0.993526536436201,0.9934718950094817,1.0,1.0,0.0008035686631550062,0.000788661834650796,0.0027078298295357766,134742,133114,59,59,46.69642857142857,1149.642857142857,False,8760
SHUN,shunning,0.6574074074074074,0.6617647058823529,0.9934976372027768,0.9934886586500226,1.0,1.0,0.0007267523952270665,0.0007399644173514646,0.0027110055962963732,154445,82042,10,10,10.297619047619047,245.23214285714286,False,8760
CRIT,critical first,0.6666666666666666,0.8235294117647058,0.9934833444464138,0.9952222155740433,1.0,1.0,0.0008016692566081711,0.0005411343560092989,0.0027306448181482223,54460,54460,22,22,17.696428571428573,436.36309523809524,False,8760
MKT,market,0.6929012345679012,0.6911764705882353,0.9933660375952785,0.99360002715004,1.0,1.0,0.0017580037639629632,0.0011745516622746624,0.020177426456744633,340809,103872,56,56,42.583333333333336,1048.4642857142858,False,8760
LOCAL,neighbor loyal,0.6496913580246914,0.6617647058823529,0.9932955473992624,0.993107205861715,1.0,1.0,0.0007620023839610291,0.0007462110196316427,0.0027110055962963732,79624,79624,0,0,1.6904761904761905,12.101190476190476,False,8760
